ProductID,Description,Color,Type,Location,Date,OrderNumber
CO2024AG,ASH GRAY 24GA-GRD50,ASH GRAY,24GA-GRD50,A1-B2-C3,7/14/2025,INV-2024-001
CO2024ARW,ARCTIC WHITE ,ARCTIC WHITE,24GA-GRD50,A1-B2-C3,7/14/2025,INV-2024-001
CO2024AW,ALAMO WHITE ,ALAMO WHITE,24GA-GRD50,A1-B2-C3,7/14/2025,INV-2024-001
CO2024B,BROWN ,BROWN,24GA-GRD50,A1-B2-C3,7/14/2025,INV-2024-001
CO2024BER,BERRY ,BERRY,24GA-GRD50,A1-B2-C3,7/14/2025,INV-2024-001
CO2024BK,BLACK ,BLACK,24GA-GRD50,A1-B2-C3,7/14/2025,INV-2024-001
CO2024BR,BRICK RED ,BRICK RED,24GA-GRD50,A1-B2-C3,7/14/2025,INV-2024-001
CO2024BS,BURNISHED SLATE ,BURNISHED SLATE,24GA-GRD50,A1-B2-C3,7/14/2025,INV-2024-001
CO2024BUR,BURGUNDY ,BURGUNDY,24GA-GRD50,A1-B2-C3,7/14/2025,INV-2024-001
CO2024BW,BONE WHITE ,BONE WHITE,24GA-GRD50,A1-B2-C3,7/14/2025,INV-2024-001
CO2024CAG,CRINKLE ASH GRAY ,CRINKLE ASH GRAY,24GA-GRD50,A1-B2-C3,7/14/2025,INV-2024-001
CO2024CB,CRINKLE BROWN ,CRINKLE BROWN,24GA-GRD50,A1-B2-C3,7/14/2025,INV-2024-001
CO2024CBK,CRINKLE BLACK ,CRINKLE BLACK,24GA-GRD50,A1-B2-C3,7/14/2025,INV-2024-001
CO2024CBS,CRINKLE BURNISHED SLATE ,CRINKLE BURNISHED SLATE,24GA-GRD50,A1-B2-C3,7/14/2025,INV-2024-001
CO2024CC,CRINKLE CHARCOAL ,CRINKLE CHARCOAL,24GA-GRD50,A1-B2-C3,7/14/2025,INV-2024-001
CO2024CG,CHARCOAL GRAY ,CHARCOAL GRAY,24GA-GRD50,A1-B2-C3,7/14/2025,INV-2024-001
CO2024CH,CHARCOAL ,CHARCOAL,24GA-GRD50,A1-B2-C3,7/14/2025,INV-2024-001
CO2024CM,COPPER METALLIC ,COPPER METALLIC,24GA-GRD50,A1-B2-C3,7/14/2025,INV-2024-001
CO2024CRB,CRINKLE BURGUNDY ,CRINKLE BURGUNDY,24GA-GRD50,A1-B2-C3,7/14/2025,INV-2024-001
CO2024CRG,CRINKLE GREEN ,CRINKLE GREEN,24GA-GRD50,A1-B2-C3,7/14/2025,INV-2024-001
CO2024CRR,CRINKLE RED ,CRINKLE RED,24GA-GRD50,A1-B2-C3,7/14/2025,INV-2024-001
CO2024CT,CRINKLE TAUPE ,CRINKLE TAUPE,24GA-GRD50,A1-B2-C3,7/14/2025,INV-2024-001
CO2024CW,CRINKLE WHITE ,CRINKLE WHITE,24GA-GRD50,A1-B2-C3,7/14/2025,INV-2024-001
CO2024DG,DARK GRAY ,DARK GRAY,24GA-GRD50,A1-B2-C3,7/14/2025,INV-2024-001
CO2024DR,DARK RED ,DARK RED,24GA-GRD50,A1-B2-C3,7/14/2025,INV-2024-001
CO2024EVR,EVERGREEN ,EVERGREEN,24GA-GRD50,A1-B2-C3,7/14/2025,INV-2024-001
CO2024GAB,GALLERY BLUE ,GALLERY BLUE,24GA-GRD50,A1-B2-C3,7/14/2025,INV-2024-001
CO2024GAL,GALVANIZED G90 ,GALVANIZED G90,24GA-GRD50,A1-B2-C3,7/14/2025,INV-2024-001
CO2024GAV,GALVALUME ,GALVALUME,24GA-GRD50,A1-B2-C3,7/14/2025,INV-2024-001
CO2024HB,HAWAIIN BLUE ,HAWAIIN BLUE,24GA-GRD50,A1-B2-C3,7/14/2025,INV-2024-001
CO2024IV,IVORY ,IVORY,24GA-GRD50,A1-B2-C3,7/14/2025,INV-2024-001
CO2024IVG,IVY GREEN ,IVY GREEN,24GA-GRD50,A1-B2-C3,7/14/2025,INV-2024-001
CO2024LS,LIGHT STONE ,LIGHT STONE,24GA-GRD50,A1-B2-C3,7/14/2025,INV-2024-001
CO2024MBB,MATTE BLACK ,MATTE BLACK,24GA-GRD50,A1-B2-C3,7/14/2025,INV-2024-001
CO2024MBS,MATTE BURNISHED SLATE ,MATTE BURNISHED SLATE,24GA-GRD50,A1-B2-C3,7/14/2025,INV-2024-001
CO2024MBW,MATTE BRIGHT WHITE ,MATTE BRIGHT WHITE,24GA-GRD50,A1-B2-C3,7/14/2025,INV-2024-001
CO2024MCB,MATTE COCOA BROWN ,MATTE COCOA BROWN,24GA-GRD50,A1-B2-C3,7/14/2025,INV-2024-001
CO2024MCC,MATTE CHARCOAL ,MATTE CHARCOAL,24GA-GRD50,A1-B2-C3,7/14/2025,INV-2024-001
CO2024MLS,MATTE LIGHT STONE ,MATTE LIGHT STONE,24GA-GRD50,A1-B2-C3,7/14/2025,INV-2024-001
CO2024MTT,MATTE TAUPE ,MATTE TAUPE,24GA-GRD50,A1-B2-C3,7/14/2025,INV-2024-001
CO2024OB,OCEAN BLUE ,OCEAN BLUE,24GA-GRD50,A1-B2-C3,7/14/2025,INV-2024-001
CO2024OTG,OLD TOWN GRAY ,OLD TOWN GRAY,24GA-GRD50,A1-B2-C3,7/14/2025,INV-2024-001
CO2024PG,PEWTER GRAY ,PEWTER GRAY,24GA-GRD50,A1-B2-C3,7/14/2025,INV-2024-001
CO2024QQ,QUOTE ,QUOTE,24GA-GRD50,A1-B2-C3,7/14/2025,INV-2024-001
CO2024RR,RURAL RED ,RURAL RED,24GA-GRD50,A1-B2-C3,7/14/2025,INV-2024-001
CO2024RTC,REAL TREE CAMO ,REAL TREE CAMO,24GA-GRD50,A1-B2-C3,7/14/2025,INV-2024-001
CO2024ST,SADDLE TAN ,SADDLE TAN,24GA-GRD50,A1-B2-C3,7/14/2025,INV-2024-001
CO2024T,TAUPE ,TAUPE,24GA-GRD50,A1-B2-C3,7/14/2025,INV-2024-001
CO2024TAN,TAN ,TAN,24GA-GRD50,A1-B2-C3,7/14/2025,INV-2024-001
CO2024TBK,TEXTURED BLACK ,TEXTURED BLACK,24GA-GRD50,A1-B2-C3,7/14/2025,INV-2024-001
CO2026AG,ASH GRAY ,ASH GRAY,26GA-GRD50,A1-B2-C3,7/14/2025,INV-2024-001
CO2026ARW,ARCTIC WHITE ,ARCTIC WHITE,26GA-GRD50,A1-B2-C3,7/14/2025,INV-2024-001
CO2026AW,ALAMO WHITE ,ALAMO WHITE,26GA-GRD50,A1-B2-C3,7/14/2025,INV-2024-001
CO2026B,BROWN ,BROWN,26GA-GRD50,A1-B2-C3,7/14/2025,INV-2024-001
CO2026BER,BERRY ,BERRY,26GA-GRD50,A1-B2-C3,7/14/2025,INV-2024-001
CO2026BK,BLACK ,BLACK,26GA-GRD50,A1-B2-C3,7/14/2025,INV-2024-001
CO2026BR,BRICK RED ,BRICK RED,26GA-GRD50,A1-B2-C3,7/14/2025,INV-2024-001
CO2026BS,BURNISHED SLATE ,BURNISHED SLATE,26GA-GRD50,A1-B2-C3,7/14/2025,INV-2024-001
CO2026BUR,BURGUNDY ,BURGUNDY,26GA-GRD50,A1-B2-C3,7/14/2025,INV-2024-001
CO2026BW,BONE WHITE ,BONE WHITE,26GA-GRD50,A1-B2-C3,7/14/2025,INV-2024-001
CO2026CAG,CRINKLE ASH GRAY ,CRINKLE ASH GRAY,26GA-GRD50,A1-B2-C3,7/14/2025,INV-2024-001
CO2026CB,CRINKLE BROWN ,CRINKLE BROWN,26GA-GRD50,A1-B2-C3,7/14/2025,INV-2024-001
CO2026CBK,CRINKLE BLACK ,CRINKLE BLACK,26GA-GRD50,A1-B2-C3,7/14/2025,INV-2024-001
CO2026CBS,CRINKLE BURNISHED SLATE ,CRINKLE BURNISHED SLATE,26GA-GRD50,A1-B2-C3,7/14/2025,INV-2024-001
CO2026CC,CRINKLE CHARCOAL ,CRINKLE CHARCOAL,26GA-GRD50,A1-B2-C3,7/14/2025,INV-2024-001
CO2026CG,CHARCOAL GRAY ,CHARCOAL GRAY,26GA-GRD50,A1-B2-C3,7/14/2025,INV-2024-001
CO2026CH,CHARCOAL ,CHARCOAL,26GA-GRD50,A1-B2-C3,7/14/2025,INV-2024-001
CO2026CM,COPPER METALLIC ,COPPER METALLIC,26GA-GRD50,A1-B2-C3,7/14/2025,INV-2024-001
CO2026CRB,CRINKLE BURGUNDY ,CRINKLE BURGUNDY,26GA-GRD50,A1-B2-C3,7/14/2025,INV-2024-001
CO2026CRG,CRINKLE GREEN ,CRINKLE GREEN,26GA-GRD50,A1-B2-C3,7/14/2025,INV-2024-001
CO2026CRR,CRINKLE RED ,CRINKLE RED,26GA-GRD50,A1-B2-C3,7/14/2025,INV-2024-001
CO2026CT,CRINKLE TAUPE ,CRINKLE TAUPE,26GA-GRD50,A1-B2-C3,7/14/2025,INV-2024-001
CO2026CW,CRINKLE WHITE ,CRINKLE WHITE,26GA-GRD50,A1-B2-C3,7/14/2025,INV-2024-001
CO2026DG,DARK GRAY ,DARK GRAY,26GA-GRD50,A1-B2-C3,7/14/2025,INV-2024-001
CO2026DR,DARK RED ,DARK RED,26GA-GRD50,A1-B2-C3,7/14/2025,INV-2024-001
CO2026EVR,EVERGREEN ,EVERGREEN,26GA-GRD50,A1-B2-C3,7/14/2025,INV-2024-001
CO2026GAB,GALLERY BLUE ,GALLERY BLUE,26GA-GRD50,A1-B2-C3,7/14/2025,INV-2024-001
CO2026GAL,GALVANIZED G90 ,GALVANIZED G90,26GA-GRD50,A1-B2-C3,7/14/2025,INV-2024-001
CO2026GAV,GALVALUME ,GALVALUME,26GA-GRD50,A1-B2-C3,7/14/2025,INV-2024-001
CO2026HB,HAWAIIN BLUE ,HAWAIIN BLUE,26GA-GRD50,A1-B2-C3,7/14/2025,INV-2024-001
CO2026IV,IVORY ,IVORY,26GA-GRD50,A1-B2-C3,7/14/2025,INV-2024-001
CO2026IVG,IVY GREEN ,IVY GREEN,26GA-GRD50,A1-B2-C3,7/14/2025,INV-2024-001
CO2026LS,LIGHT STONE ,LIGHT STONE,26GA-GRD50,A1-B2-C3,7/14/2025,INV-2024-001
CO2026MBB,MATTE BLACK ,MATTE BLACK,26GA-GRD50,A1-B2-C3,7/14/2025,INV-2024-001
CO2026MBS,MATTE BURNISHED SLATE ,MATTE BURNISHED SLATE,26GA-GRD50,A1-B2-C3,7/14/2025,INV-2024-001
CO2026MBW,MATTE BRIGHT WHITE ,MATTE BRIGHT WHITE,26GA-GRD50,A1-B2-C3,7/14/2025,INV-2024-001
CO2026MCB,MATTE COCOA BROWN ,MATTE COCOA BROWN,26GA-GRD50,A1-B2-C3,7/14/2025,INV-2024-001
CO2026MCC,MATTE CHARCOAL ,MATTE CHARCOAL,26GA-GRD50,A1-B2-C3,7/14/2025,INV-2024-001
CO2026MLS,MATTE LIGHT STONE ,MATTE LIGHT STONE,26GA-GRD50,A1-B2-C3,7/14/2025,INV-2024-001
CO2026MTT,MATTE TAUPE ,MATTE TAUPE,26GA-GRD50,A1-B2-C3,7/14/2025,INV-2024-001
CO2026OB,OCEAN BLUE ,OCEAN BLUE,26GA-GRD50,A1-B2-C3,7/14/2025,INV-2024-001
CO2026OTG,OLD TOWN GRAY ,OLD TOWN GRAY,26GA-GRD50,A1-B2-C3,7/14/2025,INV-2024-001
CO2026PG,PEWTER GRAY ,PEWTER GRAY,26GA-GRD50,A1-B2-C3,7/14/2025,INV-2024-001
CO2026QQ,0,QUOTE,26GA-GRD50,A1-B2-C3,7/14/2025,INV-2024-001
CO2026RR,RURAL RED ,RURAL RED,26GA-GRD50,A1-B2-C3,7/14/2025,INV-2024-001
CO2026RTC,REAL TREE CAMO ,REAL TREE CAMO,26GA-GRD50,A1-B2-C3,7/14/2025,INV-2024-001
CO2026ST,SADDLE TAN ,SADDLE TAN,26GA-GRD50,A1-B2-C3,7/14/2025,INV-2024-001
CO2026T,TAUPE ,TAUPE,26GA-GRD50,A1-B2-C3,7/14/2025,INV-2024-001
CO2026TAN,TAN ,TAN,26GA-GRD50,A1-B2-C3,7/14/2025,INV-2024-001
CO2026TBK,TEXTURED BLACK ,TEXTURED BLACK,26GA-GRD50,A1-B2-C3,7/14/2025,INV-2024-001
CO2029AG,ASH GRAY ,ASH GRAY,29GA-GRD50,A1-B2-C3,7/14/2025,INV-2024-001
CO2029ARW,ARCTIC WHITE Coil-GRD50,ARCTIC WHITE,29GA-GRD50,A1-B2-C3,7/14/2025,INV-2024-001
CO2029AW,ALAMO WHITE Coil-GRD50,ALAMO WHITE,29GA-GRD50,A1-B2-C3,7/14/2025,INV-2024-001
CO2029B,BROWN Coil-GRD50,BROWN,29GA-GRD50,A1-B2-C3,7/14/2025,INV-2024-001
CO2029BER,BERRY Coil-GRD50,BERRY,29GA-GRD50,A1-B2-C3,7/14/2025,INV-2024-001
CO2029BK,BLACK Coil-GRD50,BLACK,29GA-GRD50,A1-B2-C3,7/14/2025,INV-2024-001
CO2029BR,BRICK RED Coil-GRD50,BRICK RED,29GA-GRD50,A1-B2-C3,7/14/2025,INV-2024-001
CO2029BS,BURNISHED SLATE Coil-GRD50,BURNISHED SLATE,29GA-GRD50,A1-B2-C3,7/14/2025,INV-2024-001
CO2029BUR,BURGUNDY Coil-GRD50,BURGUNDY,29GA-GRD50,A1-B2-C3,7/14/2025,INV-2024-001
CO2029BW,BONE WHITE Coil-GRD50,BONE WHITE,29GA-GRD50,A1-B2-C3,7/14/2025,INV-2024-001
CO2029CAG,CRINKLE ASH GRAY Coil-GRD50,CRINKLE ASH GRAY,29GA-GRD50,A1-B2-C3,7/14/2025,INV-2024-001
CO2029CB,CRINKLE BROWN Coil-GRD50,CRINKLE BROWN,29GA-GRD50,A1-B2-C3,7/14/2025,INV-2024-001
CO2029CBK,CRINKLE BLACK Coil-GRD50,CRINKLE BLACK,29GA-GRD50,A1-B2-C3,7/14/2025,INV-2024-001
CO2029CBS,CRINKLE BURNISHED SLATE Coil-GRD50,CRINKLE BURNISHED SLATE,29GA-GRD50,A1-B2-C3,7/14/2025,INV-2024-001
CO2029CC,CRINKLE CHARCOAL Coil-GRD50,CRINKLE CHARCOAL,29GA-GRD50,A1-B2-C3,7/14/2025,INV-2024-001
CO2029CG,CHARCOAL GRAY Coil-GRD50,CHARCOAL GRAY,29GA-GRD50,A1-B2-C3,7/14/2025,INV-2024-001
CO2029CH,CHARCOAL Coil-GRD50,CHARCOAL,29GA-GRD50,A1-B2-C3,7/14/2025,INV-2024-001
CO2029CM,COPPER METALLIC Coil-GRD50,COPPER METALLIC,29GA-GRD50,A1-B2-C3,7/14/2025,INV-2024-001
CO2029CRB,CRINKLE BURGUNDY Coil-GRD50,CRINKLE BURGUNDY,29GA-GRD50,A1-B2-C3,7/14/2025,INV-2024-001
CO2029CRG,CRINKLE GREEN Coil-GRD50,CRINKLE GREEN,29GA-GRD50,A1-B2-C3,7/14/2025,INV-2024-001
CO2029CRR,CRINKLE RED Coil-GRD50,CRINKLE RED,29GA-GRD50,A1-B2-C3,7/14/2025,INV-2024-001
CO2029CT,CRINKLE TAUPE Coil-GRD50,CRINKLE TAUPE,29GA-GRD50,A1-B2-C3,7/14/2025,INV-2024-001
CO2029CW,CRINKLE WHITE Coil-GRD50,CRINKLE WHITE,29GA-GRD50,A1-B2-C3,7/14/2025,INV-2024-001
CO2029DG,DARK GRAY Coil-GRD50,DARK GRAY,29GA-GRD50,A1-B2-C3,7/14/2025,INV-2024-001
CO2029DR,DARK RED Coil-GRD50,DARK RED,29GA-GRD50,A1-B2-C3,7/14/2025,INV-2024-001
CO2029EVR,EVERGREEN Coil-GRD50,EVERGREEN,29GA-GRD50,A1-B2-C3,7/14/2025,INV-2024-001
CO2029GAB,GALLERY BLUE Coil-GRD50,GALLERY BLUE,29GA-GRD50,A1-B2-C3,7/14/2025,INV-2024-001
CO2029GAL,GALVANIZED G90 Coil-GRD50,GALVANIZED G90,29GA-GRD50,A1-B2-C3,7/14/2025,INV-2024-001
CO2029GAV,GALVALUME Coil-GRD50,GALVALUME,29GA-GRD50,A1-B2-C3,7/14/2025,INV-2024-001
CO2029HB,HAWAIIN BLUE Coil-GRD50,HAWAIIN BLUE,29GA-GRD50,A1-B2-C3,7/14/2025,INV-2024-001
CO2029IV,IVORY Coil-GRD50,IVORY,29GA-GRD50,A1-B2-C3,7/14/2025,INV-2024-001
CO2029IVG,IVY GREEN Coil-GRD50,IVY GREEN,29GA-GRD50,A1-B2-C3,7/14/2025,INV-2024-001
CO2029LS,LIGHT STONE Coil-GRD50,LIGHT STONE,29GA-GRD50,A1-B2-C3,7/14/2025,INV-2024-001
CO2029MBB,MATTE BLACK Coil-GRD50,MATTE BLACK,29GA-GRD50,A1-B2-C3,7/14/2025,INV-2024-001
CO2029MBS,MATTE BURNISHED SLATE Coil-GRD50,MATTE BURNISHED SLATE,29GA-GRD50,A1-B2-C3,7/14/2025,INV-2024-001
CO2029MBW,MATTE BRIGHT WHITE Coil-GRD50,MATTE BRIGHT WHITE,29GA-GRD50,A1-B2-C3,7/14/2025,INV-2024-001
CO2029MCB,MATTE COCOA BROWN Coil-GRD50,MATTE COCOA BROWN,29GA-GRD50,A1-B2-C3,7/14/2025,INV-2024-001
CO2029MCC,MATTE CHARCOAL Coil-GRD50,MATTE CHARCOAL,29GA-GRD50,A1-B2-C3,7/14/2025,INV-2024-001
CO2029MLS,MATTE LIGHT STONE Coil-GRD50,MATTE LIGHT STONE,29GA-GRD50,A1-B2-C3,7/14/2025,INV-2024-001
CO2029MTT,MATTE TAUPE Coil-GRD50,MATTE TAUPE,29GA-GRD50,A1-B2-C3,7/14/2025,INV-2024-001
CO2029OB,OCEAN BLUE Coil-GRD50,OCEAN BLUE,29GA-GRD50,A1-B2-C3,7/14/2025,INV-2024-001
CO2029OTG,OLD TOWN GRAY Coil-GRD50,OLD TOWN GRAY,29GA-GRD50,A1-B2-C3,7/14/2025,INV-2024-001
CO2029PG,PEWTER GRAY Coil-GRD50,PEWTER GRAY,29GA-GRD50,A1-B2-C3,7/14/2025,INV-2024-001
CO2029QQ,QUOTE Coil-GRD50,QUOTE,29GA-GRD50,A1-B2-C3,7/14/2025,INV-2024-001
CO2029RR,RURAL RED Coil-GRD50,RURAL RED,29GA-GRD50,A1-B2-C3,7/14/2025,INV-2024-001
CO2029RTC,REAL TREE CAMO Coil-GRD50,REAL TREE CAMO,29GA-GRD50,A1-B2-C3,7/14/2025,INV-2024-001
CO2029ST,SADDLE TAN Coil-GRD50,SADDLE TAN,29GA-GRD50,A1-B2-C3,7/14/2025,INV-2024-001
CO2029T,TAUPE Coil-GRD50,TAUPE,29GA-GRD50,A1-B2-C3,7/14/2025,INV-2024-001
CO2029TAN,TAN Coil-GRD50,TAN,29GA-GRD50,A1-B2-C3,7/14/2025,INV-2024-001
CO2029TBK,TEXTURED BLACK Coil-GRD50,TEXTURED BLACK,29GA-GRD50,A1-B2-C3,7/14/2025,INV-2024-001
CO2324AG,ASH GRAY Coil-GRD50,ASH GRAY,24GA-GRD50,A1-B2-C3,7/14/2025,INV-2024-001
CO2324ARW,ARCTIC WHITE Coil-GRD50,ARCTIC WHITE,24GA-GRD50,A1-B2-C3,7/14/2025,INV-2024-001
CO2324AW,ALAMO WHITE Coil-GRD50,ALAMO WHITE,24GA-GRD50,A1-B2-C3,7/14/2025,INV-2024-001
CO2324B,BROWN Coil-GRD50,BROWN,24GA-GRD50,A1-B2-C3,7/14/2025,INV-2024-001
CO2324BER,BERRY Coil-GRD50,BERRY,24GA-GRD50,A1-B2-C3,7/14/2025,INV-2024-001
CO2324BK,BLACK Coil-GRD50,BLACK,24GA-GRD50,A1-B2-C3,7/14/2025,INV-2024-001
CO2324BR,BRICK RED Coil-GRD50,BRICK RED,24GA-GRD50,A1-B2-C3,7/14/2025,INV-2024-001
CO2324BS,BURNISHED SLATE Coil-GRD50,BURNISHED SLATE,24GA-GRD50,A1-B2-C3,7/14/2025,INV-2024-001
CO2324BUR,BURGUNDY Coil-GRD50,BURGUNDY,24GA-GRD50,A1-B2-C3,7/14/2025,INV-2024-001
CO2324BW,BONE WHITE Coil-GRD50,BONE WHITE,24GA-GRD50,A1-B2-C3,7/14/2025,INV-2024-001
CO2324CAG,CRINKLE ASH GRAY Coil-GRD50,CRINKLE ASH GRAY,24GA-GRD50,A1-B2-C3,7/14/2025,INV-2024-001
CO2324CB,CRINKLE BROWN Coil-GRD50,CRINKLE BROWN,24GA-GRD50,A1-B2-C3,7/14/2025,INV-2024-001
CO2324CBK,CRINKLE BLACK Coil-GRD50,CRINKLE BLACK,24GA-GRD50,A1-B2-C3,7/14/2025,INV-2024-001
CO2324CBS,CRINKLE BURNISHED SLATE Coil-GRD50,CRINKLE BURNISHED SLATE,24GA-GRD50,A1-B2-C3,7/14/2025,INV-2024-001
CO2324CC,CRINKLE CHARCOAL Coil-GRD50,CRINKLE CHARCOAL,24GA-GRD50,A1-B2-C3,7/14/2025,INV-2024-001
CO2324CG,CHARCOAL GRAY Coil-GRD50,CHARCOAL GRAY,24GA-GRD50,A1-B2-C3,7/14/2025,INV-2024-001
CO2324CH,CHARCOAL Coil-GRD50,CHARCOAL,24GA-GRD50,A1-B2-C3,7/14/2025,INV-2024-001
CO2324CM,COPPER METALLIC Coil-GRD50,COPPER METALLIC,24GA-GRD50,A1-B2-C3,7/14/2025,INV-2024-001
CO2324CRB,CRINKLE BURGUNDY Coil-GRD50,CRINKLE BURGUNDY,24GA-GRD50,A1-B2-C3,7/14/2025,INV-2024-001
CO2324CRG,CRINKLE GREEN Coil-GRD50,CRINKLE GREEN,24GA-GRD50,A1-B2-C3,7/14/2025,INV-2024-001
CO2324CRR,CRINKLE RED Coil-GRD50,CRINKLE RED,24GA-GRD50,A1-B2-C3,7/14/2025,INV-2024-001
CO2324CT,CRINKLE TAUPE Coil-GRD50,CRINKLE TAUPE,24GA-GRD50,A1-B2-C3,7/14/2025,INV-2024-001
CO2324CW,CRINKLE WHITE Coil-GRD50,CRINKLE WHITE,24GA-GRD50,A1-B2-C3,7/14/2025,INV-2024-001
CO2324DG,DARK GRAY Coil-GRD50,DARK GRAY,24GA-GRD50,A1-B2-C3,7/14/2025,INV-2024-001
CO2324DR,DARK RED Coil-GRD50,DARK RED,24GA-GRD50,A1-B2-C3,7/14/2025,INV-2024-001
CO2324EVR,EVERGREEN Coil-GRD50,EVERGREEN,24GA-GRD50,A1-B2-C3,7/14/2025,INV-2024-001
CO2324GAB,GALLERY BLUE Coil-GRD50,GALLERY BLUE,24GA-GRD50,A1-B2-C3,7/14/2025,INV-2024-001
CO2324GAL,GALVANIZED G90 Coil-GRD50,GALVANIZED G90,24GA-GRD50,A1-B2-C3,7/14/2025,INV-2024-001
CO2324GAV,GALVALUME Coil-GRD50,GALVALUME,24GA-GRD50,A1-B2-C3,7/14/2025,INV-2024-001
CO2324HB,HAWAIIN BLUE Coil-GRD50,HAWAIIN BLUE,24GA-GRD50,A1-B2-C3,7/14/2025,INV-2024-001
CO2324IV,IVORY Coil-GRD50,IVORY,24GA-GRD50,A1-B2-C3,7/14/2025,INV-2024-001
CO2324IVG,IVY GREEN Coil-GRD50,IVY GREEN,24GA-GRD50,A1-B2-C3,7/14/2025,INV-2024-001
CO2324LS,LIGHT STONE Coil-GRD50,LIGHT STONE,24GA-GRD50,A1-B2-C3,7/14/2025,INV-2024-001
CO2324MBB,MATTE BLACK Coil-GRD50,MATTE BLACK,24GA-GRD50,A1-B2-C3,7/14/2025,INV-2024-001
CO2324MBS,MATTE BURNISHED SLATE Coil-GRD50,MATTE BURNISHED SLATE,24GA-GRD50,A1-B2-C3,7/14/2025,INV-2024-001
CO2324MBW,MATTE BRIGHT WHITE Coil-GRD50,MATTE BRIGHT WHITE,24GA-GRD50,A1-B2-C3,7/14/2025,INV-2024-001
CO2324MCB,MATTE COCOA BROWN Coil-GRD50,MATTE COCOA BROWN,24GA-GRD50,A1-B2-C3,7/14/2025,INV-2024-001
CO2324MCC,MATTE CHARCOAL Coil-GRD50,MATTE CHARCOAL,24GA-GRD50,A1-B2-C3,7/14/2025,INV-2024-001
CO2324MLS,MATTE LIGHT STONE Coil-GRD50,MATTE LIGHT STONE,24GA-GRD50,A1-B2-C3,7/14/2025,INV-2024-001
CO2324MTT,MATTE TAUPE Coil-GRD50,MATTE TAUPE,24GA-GRD50,A1-B2-C3,7/14/2025,INV-2024-001
CO2324OB,OCEAN BLUE Coil-GRD50,OCEAN BLUE,24GA-GRD50,A1-B2-C3,7/14/2025,INV-2024-001
CO2324OTG,OLD TOWN GRAY Coil-GRD50,OLD TOWN GRAY,24GA-GRD50,A1-B2-C3,7/14/2025,INV-2024-001
CO2324PG,PEWTER GRAY Coil-GRD50,PEWTER GRAY,24GA-GRD50,A1-B2-C3,7/14/2025,INV-2024-001
CO2324QQ,QUOTE Coil-GRD50,QUOTE,24GA-GRD50,A1-B2-C3,7/14/2025,INV-2024-001
CO2324RR,RURAL RED Coil-GRD50,RURAL RED,24GA-GRD50,A1-B2-C3,7/14/2025,INV-2024-001
CO2324RTC,REAL TREE CAMO Coil-GRD50,REAL TREE CAMO,24GA-GRD50,A1-B2-C3,7/14/2025,INV-2024-001
CO2324ST,SADDLE TAN Coil-GRD50,SADDLE TAN,24GA-GRD50,A1-B2-C3,7/14/2025,INV-2024-001
CO2324T,TAUPE Coil-GRD50,TAUPE,24GA-GRD50,A1-B2-C3,7/14/2025,INV-2024-001
CO2324TAN,TAN Coil-GRD50,TAN,24GA-GRD50,A1-B2-C3,7/14/2025,INV-2024-001
CO2324TBK,TEXTURED BLACK Coil-GRD50,TEXTURED BLACK,24GA-GRD50,A1-B2-C3,7/14/2025,INV-2024-001
CO2326AG,ASH GRAY Coil-GRD50,ASH GRAY,26GA-GRD50,A1-B2-C3,7/14/2025,INV-2024-001
CO2326ARW,ARCTIC WHITE Coil-GRD50,ARCTIC WHITE,26GA-GRD50,A1-B2-C3,7/14/2025,INV-2024-001
CO2326AW,ALAMO WHITE Coil-GRD50,ALAMO WHITE,26GA-GRD50,A1-B2-C3,7/14/2025,INV-2024-001
CO2326B,BROWN Coil-GRD50,BROWN,26GA-GRD50,A1-B2-C3,7/14/2025,INV-2024-001
CO2326BER,BERRY Coil-GRD50,BERRY,26GA-GRD50,A1-B2-C3,7/14/2025,INV-2024-001
CO2326BK,BLACK Coil-GRD50,BLACK,26GA-GRD50,A1-B2-C3,7/14/2025,INV-2024-001
CO2326BR,BRICK RED Coil-GRD50,BRICK RED,26GA-GRD50,A1-B2-C3,7/14/2025,INV-2024-001
CO2326BS,BURNISHED SLATE Coil-GRD50,BURNISHED SLATE,26GA-GRD50,A1-B2-C3,7/14/2025,INV-2024-001
CO2326BUR,BURGUNDY Coil-GRD50,BURGUNDY,26GA-GRD50,A1-B2-C3,7/14/2025,INV-2024-001
CO2326BW,BONE WHITE Coil-GRD50,BONE WHITE,26GA-GRD50,A1-B2-C3,7/14/2025,INV-2024-001
CO2326CAG,CRINKLE ASH GRAY Coil-GRD50,CRINKLE ASH GRAY,26GA-GRD50,A1-B2-C3,7/14/2025,INV-2024-001
CO2326CB,CRINKLE BROWN Coil-GRD50,CRINKLE BROWN,26GA-GRD50,A1-B2-C3,7/14/2025,INV-2024-001
CO2326CBK,CRINKLE BLACK Coil-GRD50,CRINKLE BLACK,26GA-GRD50,A1-B2-C3,7/14/2025,INV-2024-001
CO2326CBS,CRINKLE BURNISHED SLATE Coil-GRD50,CRINKLE BURNISHED SLATE,26GA-GRD50,A1-B2-C3,7/14/2025,INV-2024-001
CO2326CC,CRINKLE CHARCOAL Coil-GRD50,CRINKLE CHARCOAL,26GA-GRD50,A1-B2-C3,7/14/2025,INV-2024-001
CO2326CG,CHARCOAL GRAY Coil-GRD50,CHARCOAL GRAY,26GA-GRD50,A1-B2-C3,7/14/2025,INV-2024-001
CO2326CH,CHARCOAL Coil-GRD50,CHARCOAL,26GA-GRD50,A1-B2-C3,7/14/2025,INV-2024-001
CO2326CM,COPPER METALLIC Coil-GRD50,COPPER METALLIC,26GA-GRD50,A1-B2-C3,7/14/2025,INV-2024-001
CO2326CRB,CRINKLE BURGUNDY Coil-GRD50,CRINKLE BURGUNDY,26GA-GRD50,A1-B2-C3,7/14/2025,INV-2024-001
CO2326CRG,CRINKLE GREEN Coil-GRD50,CRINKLE GREEN,26GA-GRD50,A1-B2-C3,7/14/2025,INV-2024-001
CO2326CRR,CRINKLE RED Coil-GRD50,CRINKLE RED,26GA-GRD50,A1-B2-C3,7/14/2025,INV-2024-001
CO2326CT,CRINKLE TAUPE Coil-GRD50,CRINKLE TAUPE,26GA-GRD50,A1-B2-C3,7/14/2025,INV-2024-001
CO2326CW,CRINKLE WHITE Coil-GRD50,CRINKLE WHITE,26GA-GRD50,A1-B2-C3,7/14/2025,INV-2024-001
CO2326DG,DARK GRAY Coil-GRD50,DARK GRAY,26GA-GRD50,A1-B2-C3,7/14/2025,INV-2024-001
CO2326DR,DARK RED Coil-GRD50,DARK RED,26GA-GRD50,A1-B2-C3,7/14/2025,INV-2024-001
CO2326EVR,EVERGREEN Coil-GRD50,EVERGREEN,26GA-GRD50,A1-B2-C3,7/14/2025,INV-2024-001
CO2326GAB,GALLERY BLUE Coil-GRD50,GALLERY BLUE,26GA-GRD50,A1-B2-C3,7/14/2025,INV-2024-001
CO2326GAL,GALVANIZED G90 Coil-GRD50,GALVANIZED G90,26GA-GRD50,A1-B2-C3,7/14/2025,INV-2024-001
CO2326GAV,GALVALUME Coil-GRD50,GALVALUME,26GA-GRD50,A1-B2-C3,7/14/2025,INV-2024-001
CO2326HB,HAWAIIN BLUE Coil-GRD50,HAWAIIN BLUE,26GA-GRD50,A1-B2-C3,7/14/2025,INV-2024-001
CO2326IV,IVORY Coil-GRD50,IVORY,26GA-GRD50,A1-B2-C3,7/14/2025,INV-2024-001
CO2326IVG,IVY GREEN Coil-GRD50,IVY GREEN,26GA-GRD50,A1-B2-C3,7/14/2025,INV-2024-001
CO2326LS,LIGHT STONE Coil-GRD50,LIGHT STONE,26GA-GRD50,A1-B2-C3,7/14/2025,INV-2024-001
CO2326MBB,MATTE BLACK Coil-GRD50,MATTE BLACK,26GA-GRD50,A1-B2-C3,7/14/2025,INV-2024-001
CO2326MBS,MATTE BURNISHED SLATE Coil-GRD50,MATTE BURNISHED SLATE,26GA-GRD50,A1-B2-C3,7/14/2025,INV-2024-001
CO2326MBW,MATTE BRIGHT WHITE Coil-GRD50,MATTE BRIGHT WHITE,26GA-GRD50,A1-B2-C3,7/14/2025,INV-2024-001
CO2326MCB,MATTE COCOA BROWN Coil-GRD50,MATTE COCOA BROWN,26GA-GRD50,A1-B2-C3,7/14/2025,INV-2024-001
CO2326MCC,MATTE CHARCOAL Coil-GRD50,MATTE CHARCOAL,26GA-GRD50,A1-B2-C3,7/14/2025,INV-2024-001
CO2326MLS,MATTE LIGHT STONE Coil-GRD50,MATTE LIGHT STONE,26GA-GRD50,A1-B2-C3,7/14/2025,INV-2024-001
CO2326MTT,MATTE TAUPE Coil-GRD50,MATTE TAUPE,26GA-GRD50,A1-B2-C3,7/14/2025,INV-2024-001
CO2326OB,OCEAN BLUE Coil-GRD50,OCEAN BLUE,26GA-GRD50,A1-B2-C3,7/14/2025,INV-2024-001
CO2326OTG,OLD TOWN GRAY Coil-GRD50,OLD TOWN GRAY,26GA-GRD50,A1-B2-C3,7/14/2025,INV-2024-001
CO2326PG,PEWTER GRAY Coil-GRD50,PEWTER GRAY,26GA-GRD50,A1-B2-C3,7/14/2025,INV-2024-001
CO2326QQ,QUOTE Coil-GRD50,QUOTE,26GA-GRD50,A1-B2-C3,7/14/2025,INV-2024-001
CO2326RR,RURAL RED Coil-GRD50,RURAL RED,26GA-GRD50,A1-B2-C3,7/14/2025,INV-2024-001
CO2326RTC,REAL TREE CAMO Coil-GRD50,REAL TREE CAMO,26GA-GRD50,A1-B2-C3,7/14/2025,INV-2024-001
CO2326ST,SADDLE TAN Coil-GRD50,SADDLE TAN,26GA-GRD50,A1-B2-C3,7/14/2025,INV-2024-001
CO2326T,TAUPE Coil-GRD50,TAUPE,26GA-GRD50,A1-B2-C3,7/14/2025,INV-2024-001
CO2326TAN,TAN Coil-GRD50,TAN,26GA-GRD50,A1-B2-C3,7/14/2025,INV-2024-001
CO2326TBK,TEXTURED BLACK Coil-GRD50,TEXTURED BLACK,26GA-GRD50,A1-B2-C3,7/14/2025,INV-2024-001
CO2329AG,ASH GRAY Coil-GRD50,ASH GRAY,29GA-GRD50,A1-B2-C3,7/14/2025,INV-2024-001
CO2329ARW,ARCTIC WHITE Coil-GRD50,ARCTIC WHITE,29GA-GRD50,A1-B2-C3,7/14/2025,INV-2024-001
CO2329AW,ALAMO WHITE Coil-GRD50,ALAMO WHITE,29GA-GRD50,A1-B2-C3,7/14/2025,INV-2024-001
CO2329B,BROWN Coil-GRD50,BROWN,29GA-GRD50,A1-B2-C3,7/14/2025,INV-2024-001
CO2329BER,BERRY Coil-GRD50,BERRY,29GA-GRD50,A1-B2-C3,7/14/2025,INV-2024-001
CO2329BK,BLACK Coil-GRD50,BLACK,29GA-GRD50,A1-B2-C3,7/14/2025,INV-2024-001
CO2329BR,BRICK RED Coil-GRD50,BRICK RED,29GA-GRD50,A1-B2-C3,7/14/2025,INV-2024-001
CO2329BS,BURNISHED SLATE Coil-GRD50,BURNISHED SLATE,29GA-GRD50,A1-B2-C3,7/14/2025,INV-2024-001
CO2329BUR,BURGUNDY Coil-GRD50,BURGUNDY,29GA-GRD50,A1-B2-C3,7/14/2025,INV-2024-001
CO2329BW,BONE WHITE Coil-GRD50,BONE WHITE,29GA-GRD50,A1-B2-C3,7/14/2025,INV-2024-001
CO2329CAG,CRINKLE ASH GRAY Coil-GRD50,CRINKLE ASH GRAY,29GA-GRD50,A1-B2-C3,7/14/2025,INV-2024-001
CO2329CB,CRINKLE BROWN Coil-GRD50,CRINKLE BROWN,29GA-GRD50,A1-B2-C3,7/14/2025,INV-2024-001
CO2329CBK,CRINKLE BLACK Coil-GRD50,CRINKLE BLACK,29GA-GRD50,A1-B2-C3,7/14/2025,INV-2024-001
CO2329CBS,CRINKLE BURNISHED SLATE Coil-GRD50,CRINKLE BURNISHED SLATE,29GA-GRD50,A1-B2-C3,7/14/2025,INV-2024-001
CO2329CC,CRINKLE CHARCOAL Coil-GRD50,CRINKLE CHARCOAL,29GA-GRD50,A1-B2-C3,7/14/2025,INV-2024-001
CO2329CG,CHARCOAL GRAY Coil-GRD50,CHARCOAL GRAY,29GA-GRD50,A1-B2-C3,7/14/2025,INV-2024-001
CO2329CH,CHARCOAL Coil-GRD50,CHARCOAL,29GA-GRD50,A1-B2-C3,7/14/2025,INV-2024-001
CO2329CM,COPPER METALLIC Coil-GRD50,COPPER METALLIC,29GA-GRD50,A1-B2-C3,7/14/2025,INV-2024-001
CO2329CRB,CRINKLE BURGUNDY Coil-GRD50,CRINKLE BURGUNDY,29GA-GRD50,A1-B2-C3,7/14/2025,INV-2024-001
CO2329CRG,CRINKLE GREEN Coil-GRD50,CRINKLE GREEN,29GA-GRD50,A1-B2-C3,7/14/2025,INV-2024-001
CO2329CRR,CRINKLE RED Coil-GRD50,CRINKLE RED,29GA-GRD50,A1-B2-C3,7/14/2025,INV-2024-001
CO2329CT,CRINKLE TAUPE Coil-GRD50,CRINKLE TAUPE,29GA-GRD50,A1-B2-C3,7/14/2025,INV-2024-001
CO2329CW,CRINKLE WHITE Coil-GRD50,CRINKLE WHITE,29GA-GRD50,A1-B2-C3,7/14/2025,INV-2024-001
CO2329DG,DARK GRAY Coil-GRD50,DARK GRAY,29GA-GRD50,A1-B2-C3,7/14/2025,INV-2024-001
CO2329DR,DARK RED Coil-GRD50,DARK RED,29GA-GRD50,A1-B2-C3,7/14/2025,INV-2024-001
CO2329EVR,EVERGREEN Coil-GRD50,EVERGREEN,29GA-GRD50,A1-B2-C3,7/14/2025,INV-2024-001
CO2329GAB,GALLERY BLUE Coil-GRD50,GALLERY BLUE,29GA-GRD50,A1-B2-C3,7/14/2025,INV-2024-001
CO2329GAL,GALVANIZED G90 Coil-GRD50,GALVANIZED G90,29GA-GRD50,A1-B2-C3,7/14/2025,INV-2024-001
CO2329GAV,GALVALUME Coil-GRD50,GALVALUME,29GA-GRD50,A1-B2-C3,7/14/2025,INV-2024-001
CO2329HB,HAWAIIN BLUE Coil-GRD50,HAWAIIN BLUE,29GA-GRD50,A1-B2-C3,7/14/2025,INV-2024-001
CO2329IV,IVORY Coil-GRD50,IVORY,29GA-GRD50,A1-B2-C3,7/14/2025,INV-2024-001
CO2329IVG,IVY GREEN Coil-GRD50,IVY GREEN,29GA-GRD50,A1-B2-C3,7/14/2025,INV-2024-001
CO2329LS,LIGHT STONE Coil-GRD50,LIGHT STONE,29GA-GRD50,A1-B2-C3,7/14/2025,INV-2024-001
CO2329MBB,MATTE BLACK Coil-GRD50,MATTE BLACK,29GA-GRD50,A1-B2-C3,7/14/2025,INV-2024-001
CO2329MBS,MATTE BURNISHED SLATE Coil-GRD50,MATTE BURNISHED SLATE,29GA-GRD50,A1-B2-C3,7/14/2025,INV-2024-001
CO2329MBW,MATTE BRIGHT WHITE Coil-GRD50,MATTE BRIGHT WHITE,29GA-GRD50,A1-B2-C3,7/14/2025,INV-2024-001
CO2329MCB,MATTE COCOA BROWN Coil-GRD50,MATTE COCOA BROWN,29GA-GRD50,A1-B2-C3,7/14/2025,INV-2024-001
CO2329MCC,MATTE CHARCOAL Coil-GRD50,MATTE CHARCOAL,29GA-GRD50,A1-B2-C3,7/14/2025,INV-2024-001
CO2329MLS,MATTE LIGHT STONE Coil-GRD50,MATTE LIGHT STONE,29GA-GRD50,A1-B2-C3,7/14/2025,INV-2024-001
CO2329MTT,MATTE TAUPE Coil-GRD50,MATTE TAUPE,29GA-GRD50,A1-B2-C3,7/14/2025,INV-2024-001
CO2329OB,OCEAN BLUE Coil-GRD50,OCEAN BLUE,29GA-GRD50,A1-B2-C3,7/14/2025,INV-2024-001
CO2329OTG,OLD TOWN GRAY Coil-GRD50,OLD TOWN GRAY,29GA-GRD50,A1-B2-C3,7/14/2025,INV-2024-001
CO2329PG,PEWTER GRAY Coil-GRD50,PEWTER GRAY,29GA-GRD50,A1-B2-C3,7/14/2025,INV-2024-001
CO2329QQ,QUOTE Coil-GRD50,QUOTE,29GA-GRD50,A1-B2-C3,7/14/2025,INV-2024-001
CO2329RR,RURAL RED Coil-GRD50,RURAL RED,29GA-GRD50,A1-B2-C3,7/14/2025,INV-2024-001
CO2329RTC,REAL TREE CAMO Coil-GRD50,REAL TREE CAMO,29GA-GRD50,A1-B2-C3,7/14/2025,INV-2024-001
CO2329ST,SADDLE TAN Coil-GRD50,SADDLE TAN,29GA-GRD50,A1-B2-C3,7/14/2025,INV-2024-001
CO2329T,TAUPE Coil-GRD50,TAUPE,29GA-GRD50,A1-B2-C3,7/14/2025,INV-2024-001
CO2329TAN,TAN Coil-GRD50,TAN,29GA-GRD50,A1-B2-C3,7/14/2025,INV-2024-001
CO2329TBK,TEXTURED BLACK Coil-GRD50,TEXTURED BLACK,29GA-GRD50,A1-B2-C3,7/14/2025,INV-2024-001
CO4124AG,ASH GRAY ,ASH GRAY,24GA-GRD50,A1-B2-C3,7/14/2025,INV-2024-001
CO4124ARW,ARCTIC WHITE ,ARCTIC WHITE,24GA-GRD50,A1-B2-C3,7/14/2025,INV-2024-001
CO4124AW,ALAMO WHITE ,ALAMO WHITE,24GA-GRD50,A1-B2-C3,7/14/2025,INV-2024-001
CO4124B,BROWN ,BROWN,24GA-GRD50,A1-B2-C3,7/14/2025,INV-2024-001
CO4124BER,BERRY ,BERRY,24GA-GRD50,A1-B2-C3,7/14/2025,INV-2024-001
CO4124BK,BLACK ,BLACK,24GA-GRD50,A1-B2-C3,7/14/2025,INV-2024-001
CO4124BR,BRICK RED ,BRICK RED,24GA-GRD50,A1-B2-C3,7/14/2025,INV-2024-001
CO4124BS,BURNISHED SLATE ,BURNISHED SLATE,24GA-GRD50,A1-B2-C3,7/14/2025,INV-2024-001
CO4124BUR,BURGUNDY ,BURGUNDY,24GA-GRD50,A1-B2-C3,7/14/2025,INV-2024-001
CO4124BW,BONE WHITE ,BONE WHITE,24GA-GRD50,A1-B2-C3,7/14/2025,INV-2024-001
CO4124CAG,CRINKLE ASH GRAY ,CRINKLE ASH GRAY,24GA-GRD50,A1-B2-C3,7/14/2025,INV-2024-001
CO4124CB,CRINKLE BROWN ,CRINKLE BROWN,24GA-GRD50,A1-B2-C3,7/14/2025,INV-2024-001
CO4124CBK,CRINKLE BLACK ,CRINKLE BLACK,24GA-GRD50,A1-B2-C3,7/14/2025,INV-2024-001
CO4124CBS,CRINKLE BURNISHED SLATE ,CRINKLE BURNISHED SLATE,24GA-GRD50,A1-B2-C3,7/14/2025,INV-2024-001
CO4124CC,CRINKLE CHARCOAL ,CRINKLE CHARCOAL,24GA-GRD50,A1-B2-C3,7/14/2025,INV-2024-001
CO4124CG,CHARCOAL GRAY ,CHARCOAL GRAY,24GA-GRD50,A1-B2-C3,7/14/2025,INV-2024-001
CO4124CH,CHARCOAL ,CHARCOAL,24GA-GRD50,A1-B2-C3,7/14/2025,INV-2024-001
CO4124CM,COPPER METALLIC ,COPPER METALLIC,24GA-GRD50,A1-B2-C3,7/14/2025,INV-2024-001
CO4124CRB,CRINKLE BURGUNDY ,CRINKLE BURGUNDY,24GA-GRD50,A1-B2-C3,7/14/2025,INV-2024-001
CO4124CRG,CRINKLE GREEN ,CRINKLE GREEN,24GA-GRD50,A1-B2-C3,7/14/2025,INV-2024-001
CO4124CRR,CRINKLE RED ,CRINKLE RED,24GA-GRD50,A1-B2-C3,7/14/2025,INV-2024-001
CO4124CT,CRINKLE TAUPE ,CRINKLE TAUPE,24GA-GRD50,A1-B2-C3,7/14/2025,INV-2024-001
CO4124CW,CRINKLE WHITE ,CRINKLE WHITE,24GA-GRD50,A1-B2-C3,7/14/2025,INV-2024-001
CO4124DG,DARK GRAY ,DARK GRAY,24GA-GRD50,A1-B2-C3,7/14/2025,INV-2024-001
CO4124DR,DARK RED ,DARK RED,24GA-GRD50,A1-B2-C3,7/14/2025,INV-2024-001
CO4124EVR,EVERGREEN ,EVERGREEN,24GA-GRD50,A1-B2-C3,7/14/2025,INV-2024-001
CO4124GAB,GALLERY BLUE ,GALLERY BLUE,24GA-GRD50,A1-B2-C3,7/14/2025,INV-2024-001
CO4124GAL,GALVANIZED G90 ,GALVANIZED G90,24GA-GRD50,A1-B2-C3,7/14/2025,INV-2024-001
CO4124GAV,GALVALUME ,GALVALUME,24GA-GRD50,A1-B2-C3,7/14/2025,INV-2024-001
CO4124HB,HAWAIIN BLUE ,HAWAIIN BLUE,24GA-GRD50,A1-B2-C3,7/14/2025,INV-2024-001
CO4124IV,IVORY ,IVORY,24GA-GRD50,A1-B2-C3,7/14/2025,INV-2024-001
CO4124IVG,IVY GREEN ,IVY GREEN,24GA-GRD50,A1-B2-C3,7/14/2025,INV-2024-001
CO4124LS,LIGHT STONE ,LIGHT STONE,24GA-GRD50,A1-B2-C3,7/14/2025,INV-2024-001
CO4124MBB,MATTE BLACK ,MATTE BLACK,24GA-GRD50,A1-B2-C3,7/14/2025,INV-2024-001
CO4124MBS,MATTE BURNISHED SLATE ,MATTE BURNISHED SLATE,24GA-GRD50,A1-B2-C3,7/14/2025,INV-2024-001
CO4124MBW,MATTE BRIGHT WHITE ,MATTE BRIGHT WHITE,24GA-GRD50,A1-B2-C3,7/14/2025,INV-2024-001
CO4124MCB,MATTE COCOA BROWN ,MATTE COCOA BROWN,24GA-GRD50,A1-B2-C3,7/14/2025,INV-2024-001
CO4124MCC,MATTE CHARCOAL ,MATTE CHARCOAL,24GA-GRD50,A1-B2-C3,7/14/2025,INV-2024-001
CO4124MLS,MATTE LIGHT STONE ,MATTE LIGHT STONE,24GA-GRD50,A1-B2-C3,7/14/2025,INV-2024-001
CO4124MTT,MATTE TAUPE ,MATTE TAUPE,24GA-GRD50,A1-B2-C3,7/14/2025,INV-2024-001
CO4124OB,OCEAN BLUE ,OCEAN BLUE,24GA-GRD50,A1-B2-C3,7/14/2025,INV-2024-001
CO4124OTG,OLD TOWN GRAY ,OLD TOWN GRAY,24GA-GRD50,A1-B2-C3,7/14/2025,INV-2024-001
CO4124PG,PEWTER GRAY ,PEWTER GRAY,24GA-GRD50,A1-B2-C3,7/14/2025,INV-2024-001
CO4124QQ,QUOTE COLOR ,QUOTE COLOR,24GA-GRD50,A1-B2-C3,7/14/2025,INV-2024-001
CO4124RR,RURAL RED ,RURAL RED,24GA-GRD50,A1-B2-C3,7/14/2025,INV-2024-001
CO4124RTC,REAL TREE CAMO ,REAL TREE CAMO,24GA-GRD50,A1-B2-C3,7/14/2025,INV-2024-001
CO4124ST,SADDLE TAN ,SADDLE TAN,24GA-GRD50,A1-B2-C3,7/14/2025,INV-2024-001
CO4124T,TAUPE ,TAUPE,24GA-GRD50,A1-B2-C3,7/14/2025,INV-2024-001
CO4124TAN,TAN ,TAN,24GA-GRD50,A1-B2-C3,7/14/2025,INV-2024-001
CO4124TBK,TEXTURED BLACK ,TEXTURED BLACK,24GA-GRD50,A1-B2-C3,7/14/2025,INV-2024-001
CO4126AG,ASH GRAY ,ASH GRAY,26GA-GRD50,A1-B2-C3,7/14/2025,INV-2024-001
CO4126ARW,ARCTIC WHITE ,ARCTIC WHITE,26GA-GRD50,A1-B2-C3,7/14/2025,INV-2024-001
CO4126AW,ALAMO WHITE ,ALAMO WHITE,26GA-GRD50,A1-B2-C3,7/14/2025,INV-2024-001
CO4126B,BROWN ,BROWN,26GA-GRD50,A1-B2-C3,7/14/2025,INV-2024-001
CO4126BER,BERRY ,BERRY,26GA-GRD50,A1-B2-C3,7/14/2025,INV-2024-001
CO4126BK,BLACK ,BLACK,26GA-GRD50,A1-B2-C3,7/14/2025,INV-2024-001
CO4126BR,BRICK RED ,BRICK RED,26GA-GRD50,A1-B2-C3,7/14/2025,INV-2024-001
CO4126BS,BURNISHED SLATE ,BURNISHED SLATE,26GA-GRD50,A1-B2-C3,7/14/2025,INV-2024-001
CO4126BUR,BURGUNDY ,BURGUNDY,26GA-GRD50,A1-B2-C3,7/14/2025,INV-2024-001
CO4126BW,BONE WHITE ,BONE WHITE,26GA-GRD50,A1-B2-C3,7/14/2025,INV-2024-001
CO4126CAG,CRINKLE ASH GRAY ,CRINKLE ASH GRAY,26GA-GRD50,A1-B2-C3,7/14/2025,INV-2024-001
CO4126CB,CRINKLE BROWN ,CRINKLE BROWN,26GA-GRD50,A1-B2-C3,7/14/2025,INV-2024-001
CO4126CBK,CRINKLE BLACK ,CRINKLE BLACK,26GA-GRD50,A1-B2-C3,7/14/2025,INV-2024-001
CO4126CBS,CRINKLE BURNISHED SLATE ,CRINKLE BURNISHED SLATE,26GA-GRD50,A1-B2-C3,7/14/2025,INV-2024-001
CO4126CC,CRINKLE CHARCOAL ,CRINKLE CHARCOAL,26GA-GRD50,A1-B2-C3,7/14/2025,INV-2024-001
CO4126CG,CHARCOAL GRAY ,CHARCOAL GRAY,26GA-GRD50,A1-B2-C3,7/14/2025,INV-2024-001
CO4126CH,CHARCOAL ,CHARCOAL,26GA-GRD50,A1-B2-C3,7/14/2025,INV-2024-001
CO4126CM,COPPER METALLIC ,COPPER METALLIC,26GA-GRD50,A1-B2-C3,7/14/2025,INV-2024-001
CO4126CRB,CRINKLE BURGUNDY ,CRINKLE BURGUNDY,26GA-GRD50,A1-B2-C3,7/14/2025,INV-2024-001
CO4126CRG,CRINKLE GREEN ,CRINKLE GREEN,26GA-GRD50,A1-B2-C3,7/14/2025,INV-2024-001
CO4126CRR,CRINKLE RED ,CRINKLE RED,26GA-GRD50,A1-B2-C3,7/14/2025,INV-2024-001
CO4126CT,CRINKLE TAUPE ,CRINKLE TAUPE,26GA-GRD50,A1-B2-C3,7/14/2025,INV-2024-001
CO4126CW,CRINKLE WHITE ,CRINKLE WHITE,26GA-GRD50,A1-B2-C3,7/14/2025,INV-2024-001
CO4126DG,DARK GRAY ,DARK GRAY,26GA-GRD50,A1-B2-C3,7/14/2025,INV-2024-001
CO4126DR,DARK RED ,DARK RED,26GA-GRD50,A1-B2-C3,7/14/2025,INV-2024-001
CO4126EVR,EVERGREEN ,EVERGREEN,26GA-GRD50,A1-B2-C3,7/14/2025,INV-2024-001
CO4126GAB,GALLERY BLUE ,GALLERY BLUE,26GA-GRD50,A1-B2-C3,7/14/2025,INV-2024-001
CO4126GAL,GALVANIZED G90 ,GALVANIZED G90,26GA-GRD50,A1-B2-C3,7/14/2025,INV-2024-001
CO4126GAV,GALVALUME ,GALVALUME,26GA-GRD50,A1-B2-C3,7/14/2025,INV-2024-001
CO4126HB,HAWAIIN BLUE ,HAWAIIN BLUE,26GA-GRD50,A1-B2-C3,7/14/2025,INV-2024-001
CO4126IV,IVORY ,IVORY,26GA-GRD50,A1-B2-C3,7/14/2025,INV-2024-001
CO4126IVG,IVY GREEN ,IVY GREEN,26GA-GRD50,A1-B2-C3,7/14/2025,INV-2024-001
CO4126LS,LIGHT STONE ,LIGHT STONE,26GA-GRD50,A1-B2-C3,7/14/2025,INV-2024-001
CO4126MBB,MATTE BLACK ,MATTE BLACK,26GA-GRD50,A1-B2-C3,7/14/2025,INV-2024-001
CO4126MBS,MATTE BURNISHED SLATE ,MATTE BURNISHED SLATE,26GA-GRD50,A1-B2-C3,7/14/2025,INV-2024-001
CO4126MBW,MATTE BRIGHT WHITE ,MATTE BRIGHT WHITE,26GA-GRD50,A1-B2-C3,7/14/2025,INV-2024-001
CO4126MCB,MATTE COCOA BROWN ,MATTE COCOA BROWN,26GA-GRD50,A1-B2-C3,7/14/2025,INV-2024-001
CO4126MCC,MATTE CHARCOAL ,MATTE CHARCOAL,26GA-GRD50,A1-B2-C3,7/14/2025,INV-2024-001
CO4126MLS,MATTE LIGHT STONE ,MATTE LIGHT STONE,26GA-GRD50,A1-B2-C3,7/14/2025,INV-2024-001
CO4126MTT,MATTE TAUPE ,MATTE TAUPE,26GA-GRD50,A1-B2-C3,7/14/2025,INV-2024-001
CO4126OB,OCEAN BLUE ,OCEAN BLUE,26GA-GRD50,A1-B2-C3,7/14/2025,INV-2024-001
CO4126OTG,OLD TOWN GRAY ,OLD TOWN GRAY,26GA-GRD50,A1-B2-C3,7/14/2025,INV-2024-001
CO4126PG,PEWTER GRAY ,PEWTER GRAY,26GA-GRD50,A1-B2-C3,7/14/2025,INV-2024-001
CO4126QQ,QUOTE COLOR ,QUOTE COLOR,26GA-GRD50,A1-B2-C3,7/14/2025,INV-2024-001
CO4126RR,RURAL RED ,RURAL RED,26GA-GRD50,A1-B2-C3,7/14/2025,INV-2024-001
CO4126RTC,REAL TREE CAMO ,REAL TREE CAMO,26GA-GRD50,A1-B2-C3,7/14/2025,INV-2024-001
CO4126ST,SADDLE TAN ,SADDLE TAN,26GA-GRD50,A1-B2-C3,7/14/2025,INV-2024-001
CO4126T,TAUPE ,TAUPE,26GA-GRD50,A1-B2-C3,7/14/2025,INV-2024-001
CO4126TAN,TAN ,TAN,26GA-GRD50,A1-B2-C3,7/14/2025,INV-2024-001
CO4126TBK,TEXTURED BLACK ,TEXTURED BLACK,26GA-GRD50,A1-B2-C3,7/14/2025,INV-2024-001
CO4129AG,ASH GRAY ,ASH GRAY,29GA-GRD80,A1-B2-C3,7/14/2025,INV-2024-001
CO4129ARW,ARCTIC WHITE ,ARCTIC WHITE,29GA-GRD80,A1-B2-C3,7/14/2025,INV-2024-001
CO4129AW,ALAMO WHITE ,ALAMO WHITE,29GA-GRD80,A1-B2-C3,7/14/2025,INV-2024-001
CO4129B,BROWN ,BROWN,29GA-GRD80,A1-B2-C3,7/14/2025,INV-2024-001
CO4129BER,BERRY ,BERRY,29GA-GRD80,A1-B2-C3,7/14/2025,INV-2024-001
CO4129BK,BLACK ,BLACK,29GA-GRD80,A1-B2-C3,7/14/2025,INV-2024-001
CO4129BR,BRICK RED ,BRICK RED,29GA-GRD80,A1-B2-C3,7/14/2025,INV-2024-001
CO4129BS,BURNISHED SLATE ,BURNISHED SLATE,29GA-GRD80,A1-B2-C3,7/14/2025,INV-2024-001
CO4129BUR,BURGUNDY ,BURGUNDY,29GA-GRD80,A1-B2-C3,7/14/2025,INV-2024-001
CO4129BW,BONE WHITE ,BONE WHITE,29GA-GRD80,A1-B2-C3,7/14/2025,INV-2024-001
CO4129CAG,CRINKLE ASH GRAY ,CRINKLE ASH GRAY,29GA-GRD80,A1-B2-C3,7/14/2025,INV-2024-001
CO4129CB,CRINKLE BROWN ,CRINKLE BROWN,29GA-GRD80,A1-B2-C3,7/14/2025,INV-2024-001
CO4129CBK,CRINKLE BLACK ,CRINKLE BLACK,29GA-GRD80,A1-B2-C3,7/14/2025,INV-2024-001
CO4129CBS,CRINKLE BURNISHED SLATE ,CRINKLE BURNISHED SLATE,29GA-GRD80,A1-B2-C3,7/14/2025,INV-2024-001
CO4129CC,CRINKLE CHARCOAL ,CRINKLE CHARCOAL,29GA-GRD80,A1-B2-C3,7/14/2025,INV-2024-001
CO4129CG,CHARCOAL GRAY ,CHARCOAL GRAY,29GA-GRD80,A1-B2-C3,7/14/2025,INV-2024-001
CO4129CH,CHARCOAL ,CHARCOAL,29GA-GRD80,A1-B2-C3,7/14/2025,INV-2024-001
CO4129CM,COPPER METALLIC ,COPPER METALLIC,29GA-GRD80,A1-B2-C3,7/14/2025,INV-2024-001
CO4129CRB,CRINKLE BURGUNDY ,CRINKLE BURGUNDY,29GA-GRD80,A1-B2-C3,7/14/2025,INV-2024-001
CO4129CRG,CRINKLE GREEN ,CRINKLE GREEN,29GA-GRD80,A1-B2-C3,7/14/2025,INV-2024-001
CO4129CRR,CRINKLE RED ,CRINKLE RED,29GA-GRD80,A1-B2-C3,7/14/2025,INV-2024-001
CO4129CT,CRINKLE TAUPE ,CRINKLE TAUPE,29GA-GRD80,A1-B2-C3,7/14/2025,INV-2024-001
CO4129CW,CRINKLE WHITE ,CRINKLE WHITE,29GA-GRD80,A1-B2-C3,7/14/2025,INV-2024-001
CO4129DG,DARK GRAY ,DARK GRAY,29GA-GRD80,A1-B2-C3,7/14/2025,INV-2024-001
CO4129DR,DARK RED ,DARK RED,29GA-GRD80,A1-B2-C3,7/14/2025,INV-2024-001
CO4129EVR,EVERGREEN ,EVERGREEN,29GA-GRD80,A1-B2-C3,7/14/2025,INV-2024-001
CO4129GAB,GALLERY BLUE ,GALLERY BLUE,29GA-GRD80,A1-B2-C3,7/14/2025,INV-2024-001
CO4129GAL,GALVANIZED G90 ,GALVANIZED G90,29GA-GRD80,A1-B2-C3,7/14/2025,INV-2024-001
CO4129GAV,GALVALUME ,GALVALUME,29GA-GRD80,A1-B2-C3,7/14/2025,INV-2024-001
CO4129HB,HAWAIIN BLUE ,HAWAIIN BLUE,29GA-GRD80,A1-B2-C3,7/14/2025,INV-2024-001
CO4129IV,IVORY ,IVORY,29GA-GRD80,A1-B2-C3,7/14/2025,INV-2024-001
CO4129IVG,IVY GREEN ,IVY GREEN,29GA-GRD80,A1-B2-C3,7/14/2025,INV-2024-001
CO4129LS,LIGHT STONE ,LIGHT STONE,29GA-GRD80,A1-B2-C3,7/14/2025,INV-2024-001
CO4129MBB,MATTE BLACK ,MATTE BLACK,29GA-GRD80,A1-B2-C3,7/14/2025,INV-2024-001
CO4129MBS,MATTE BURNISHED SLATE ,MATTE BURNISHED SLATE,29GA-GRD80,A1-B2-C3,7/14/2025,INV-2024-001
CO4129MBW,MATTE BRIGHT WHITE ,MATTE BRIGHT WHITE,29GA-GRD80,A1-B2-C3,7/14/2025,INV-2024-001
CO4129MCB,MATTE COCOA BROWN ,MATTE COCOA BROWN,29GA-GRD80,A1-B2-C3,7/14/2025,INV-2024-001
CO4129MCC,MATTE CHARCOAL ,MATTE CHARCOAL,29GA-GRD80,A1-B2-C3,7/14/2025,INV-2024-001
CO4129MLS,MATTE LIGHT STONE ,MATTE LIGHT STONE,29GA-GRD80,A1-B2-C3,7/14/2025,INV-2024-001
CO4129MTT,MATTE TAUPE ,MATTE TAUPE,29GA-GRD80,A1-B2-C3,7/14/2025,INV-2024-001
CO4129OB,OCEAN BLUE ,OCEAN BLUE,29GA-GRD80,A1-B2-C3,7/14/2025,INV-2024-001
CO4129OTG,OLD TOWN GRAY ,OLD TOWN GRAY,29GA-GRD80,A1-B2-C3,7/14/2025,INV-2024-001
CO4129PG,PEWTER GRAY ,PEWTER GRAY,29GA-GRD80,A1-B2-C3,7/14/2025,INV-2024-001
CO4129QQ,QUOTE COLOR ,QUOTE COLOR,29GA-GRD80,A1-B2-C3,7/14/2025,INV-2024-001
CO4129RR,RURAL RED ,RURAL RED,29GA-GRD80,A1-B2-C3,7/14/2025,INV-2024-001
CO4129RTC,REAL TREE CAMO ,REAL TREE CAMO,29GA-GRD80,A1-B2-C3,7/14/2025,INV-2024-001
CO4129ST,SADDLE TAN ,SADDLE TAN,29GA-GRD80,A1-B2-C3,7/14/2025,INV-2024-001
CO4129T,TAUPE ,TAUPE,29GA-GRD80,A1-B2-C3,7/14/2025,INV-2024-001
CO4129TAN,TAN ,TAN,29GA-GRD80,A1-B2-C3,7/14/2025,INV-2024-001
CO4129TBK,TEXTURED BLACK ,TEXTURED BLACK,29GA-GRD80,A1-B2-C3,7/14/2025,INV-2024-001
CO4324AG,ASH GRAY ,ASH GRAY,24GA-GRD50,A1-B2-C3,7/14/2025,INV-2024-001
CO4324ARW,ARCTIC WHITE ,ARCTIC WHITE,24GA-GRD50,A1-B2-C3,7/14/2025,INV-2024-001
CO4324AW,ALAMO WHITE ,ALAMO WHITE,24GA-GRD50,A1-B2-C3,7/14/2025,INV-2024-001
CO4324B,BROWN ,BROWN,24GA-GRD50,A1-B2-C3,7/14/2025,INV-2024-001
CO4324BER,BERRY ,BERRY,24GA-GRD50,A1-B2-C3,7/14/2025,INV-2024-001
CO4324BK,BLACK ,BLACK,24GA-GRD50,A1-B2-C3,7/14/2025,INV-2024-001
CO4324BR,BRICK RED ,BRICK RED,24GA-GRD50,A1-B2-C3,7/14/2025,INV-2024-001
CO4324BS,BURNISHED SLATE ,BURNISHED SLATE,24GA-GRD50,A1-B2-C3,7/14/2025,INV-2024-001
CO4324BUR,BURGUNDY ,BURGUNDY,24GA-GRD50,A1-B2-C3,7/14/2025,INV-2024-001
CO4324BW,BONE WHITE ,BONE WHITE,24GA-GRD50,A1-B2-C3,7/14/2025,INV-2024-001
CO4324CAG,CRINKLE ASH GRAY ,CRINKLE ASH GRAY,24GA-GRD50,A1-B2-C3,7/14/2025,INV-2024-001
CO4324CB,CRINKLE BROWN ,CRINKLE BROWN,24GA-GRD50,A1-B2-C3,7/14/2025,INV-2024-001
CO4324CBK,CRINKLE BLACK ,CRINKLE BLACK,24GA-GRD50,A1-B2-C3,7/14/2025,INV-2024-001
CO4324CBS,CRINKLE BURNISHED SLATE ,CRINKLE BURNISHED SLATE,24GA-GRD50,A1-B2-C3,7/14/2025,INV-2024-001
CO4324CC,CRINKLE CHARCOAL ,CRINKLE CHARCOAL,24GA-GRD50,A1-B2-C3,7/14/2025,INV-2024-001
CO4324CG,CHARCOAL GRAY ,CHARCOAL GRAY,24GA-GRD50,A1-B2-C3,7/14/2025,INV-2024-001
CO4324CH,CHARCOAL ,CHARCOAL,24GA-GRD50,A1-B2-C3,7/14/2025,INV-2024-001
CO4324CM,COPPER METALLIC ,COPPER METALLIC,24GA-GRD50,A1-B2-C3,7/14/2025,INV-2024-001
CO4324CRB,CRINKLE BURGUNDY ,CRINKLE BURGUNDY,24GA-GRD50,A1-B2-C3,7/14/2025,INV-2024-001
CO4324CRG,CRINKLE GREEN ,CRINKLE GREEN,24GA-GRD50,A1-B2-C3,7/14/2025,INV-2024-001
CO4324CRR,CRINKLE RED ,CRINKLE RED,24GA-GRD50,A1-B2-C3,7/14/2025,INV-2024-001
CO4324CT,CRINKLE TAUPE ,CRINKLE TAUPE,24GA-GRD50,A1-B2-C3,7/14/2025,INV-2024-001
CO4324CW,CRINKLE WHITE ,CRINKLE WHITE,24GA-GRD50,A1-B2-C3,7/14/2025,INV-2024-001
CO4324DG,DARK GRAY ,DARK GRAY,24GA-GRD50,A1-B2-C3,7/14/2025,INV-2024-001
CO4324DR,DARK RED ,DARK RED,24GA-GRD50,A1-B2-C3,7/14/2025,INV-2024-001
CO4324EVR,EVERGREEN ,EVERGREEN,24GA-GRD50,A1-B2-C3,7/14/2025,INV-2024-001
CO4324GAB,GALLERY BLUE ,GALLERY BLUE,24GA-GRD50,A1-B2-C3,7/14/2025,INV-2024-001
CO4324GAL,GALVANIZED G90 ,GALVANIZED G90,24GA-GRD50,A1-B2-C3,7/14/2025,INV-2024-001
CO4324GAV,GALVALUME ,GALVALUME,24GA-GRD50,A1-B2-C3,7/14/2025,INV-2024-001
CO4324HB,HAWAIIN BLUE ,HAWAIIN BLUE,24GA-GRD50,A1-B2-C3,7/14/2025,INV-2024-001
CO4324IV,IVORY ,IVORY,24GA-GRD50,A1-B2-C3,7/14/2025,INV-2024-001
CO4324IVG,IVY GREEN ,IVY GREEN,24GA-GRD50,A1-B2-C3,7/14/2025,INV-2024-001
CO4324LS,LIGHT STONE ,LIGHT STONE,24GA-GRD50,A1-B2-C3,7/14/2025,INV-2024-001
CO4324MBB,MATTE BLACK ,MATTE BLACK,24GA-GRD50,A1-B2-C3,7/14/2025,INV-2024-001
CO4324MBS,MATTE BURNISHED SLATE ,MATTE BURNISHED SLATE,24GA-GRD50,A1-B2-C3,7/14/2025,INV-2024-001
CO4324MBW,MATTE BRIGHT WHITE ,MATTE BRIGHT WHITE,24GA-GRD50,A1-B2-C3,7/14/2025,INV-2024-001
CO4324MCB,MATTE COCOA BROWN ,MATTE COCOA BROWN,24GA-GRD50,A1-B2-C3,7/14/2025,INV-2024-001
CO4324MCC,MATTE CHARCOAL ,MATTE CHARCOAL,24GA-GRD50,A1-B2-C3,7/14/2025,INV-2024-001
CO4324MLS,MATTE LIGHT STONE ,MATTE LIGHT STONE,24GA-GRD50,A1-B2-C3,7/14/2025,INV-2024-001
CO4324MTT,MATTE TAUPE ,MATTE TAUPE,24GA-GRD50,A1-B2-C3,7/14/2025,INV-2024-001
CO4324OB,OCEAN BLUE ,OCEAN BLUE,24GA-GRD50,A1-B2-C3,7/14/2025,INV-2024-001
CO4324OTG,OLD TOWN GRAY ,OLD TOWN GRAY,24GA-GRD50,A1-B2-C3,7/14/2025,INV-2024-001
CO4324PG,PEWTER GRAY ,PEWTER GRAY,24GA-GRD50,A1-B2-C3,7/14/2025,INV-2024-001
CO4324QQ,QUOTE ,QUOTE,24GA-GRD50,A1-B2-C3,7/14/2025,INV-2024-001
CO4324RR,RURAL RED ,RURAL RED,24GA-GRD50,A1-B2-C3,7/14/2025,INV-2024-001
CO4324RTC,REAL TREE CAMO ,REAL TREE CAMO,24GA-GRD50,A1-B2-C3,7/14/2025,INV-2024-001
CO4324ST,SADDLE TAN ,SADDLE TAN,24GA-GRD50,A1-B2-C3,7/14/2025,INV-2024-001
CO4324T,TAUPE ,TAUPE,24GA-GRD50,A1-B2-C3,7/14/2025,INV-2024-001
CO4324TAN,TAN ,TAN,24GA-GRD50,A1-B2-C3,7/14/2025,INV-2024-001
CO4324TBK,TEXTURED BLACK ,TEXTURED BLACK,24GA-GRD50,A1-B2-C3,7/14/2025,INV-2024-001
CO4326AG,ASH GRAY ,ASH GRAY,26GA-GRD80,A1-B2-C3,7/14/2025,INV-2024-001
CO4326ARW,ARCTIC WHITE ,ARCTIC WHITE,26GA-GRD80,A1-B2-C3,7/14/2025,INV-2024-001
CO4326AW,ALAMO WHITE ,ALAMO WHITE,26GA-GRD80,A1-B2-C3,7/14/2025,INV-2024-001
CO4326B,BROWN ,BROWN,26GA-GRD80,A1-B2-C3,7/14/2025,INV-2024-001
CO4326BER,BERRY ,BERRY,26GA-GRD80,A1-B2-C3,7/14/2025,INV-2024-001
CO4326BK,BLACK ,BLACK,26GA-GRD80,A1-B2-C3,7/14/2025,INV-2024-001
CO4326BR,BRICK RED ,BRICK RED,26GA-GRD80,A1-B2-C3,7/14/2025,INV-2024-001
CO4326BS,BURNISHED SLATE ,BURNISHED SLATE,26GA-GRD80,A1-B2-C3,7/14/2025,INV-2024-001
CO4326BUR,BURGUNDY ,BURGUNDY,26GA-GRD80,A1-B2-C3,7/14/2025,INV-2024-001
CO4326BW,BONE WHITE ,BONE WHITE,26GA-GRD80,A1-B2-C3,7/14/2025,INV-2024-001
CO4326CAG,CRINKLE ASH GRAY ,CRINKLE ASH GRAY,26GA-GRD80,A1-B2-C3,7/14/2025,INV-2024-001
CO4326CB,CRINKLE BROWN ,CRINKLE BROWN,26GA-GRD80,A1-B2-C3,7/14/2025,INV-2024-001
CO4326CBK,CRINKLE BLACK ,CRINKLE BLACK,26GA-GRD80,A1-B2-C3,7/14/2025,INV-2024-001
CO4326CBS,CRINKLE BURNISHED SLATE ,CRINKLE BURNISHED SLATE,26GA-GRD80,A1-B2-C3,7/14/2025,INV-2024-001
CO4326CC,CRINKLE CHARCOAL ,CRINKLE CHARCOAL,26GA-GRD80,A1-B2-C3,7/14/2025,INV-2024-001
CO4326CG,CHARCOAL GRAY ,CHARCOAL GRAY,26GA-GRD80,A1-B2-C3,7/14/2025,INV-2024-001
CO4326CH,CHARCOAL ,CHARCOAL,26GA-GRD80,A1-B2-C3,7/14/2025,INV-2024-001
CO4326CM,COPPER METALLIC ,COPPER METALLIC,26GA-GRD80,A1-B2-C3,7/14/2025,INV-2024-001
CO4326CRB,CRINKLE BURGUNDY ,CRINKLE BURGUNDY,26GA-GRD80,A1-B2-C3,7/14/2025,INV-2024-001
CO4326CRG,CRINKLE GREEN ,CRINKLE GREEN,26GA-GRD80,A1-B2-C3,7/14/2025,INV-2024-001
CO4326CRR,CRINKLE RED ,CRINKLE RED,26GA-GRD80,A1-B2-C3,7/14/2025,INV-2024-001
CO4326CT,CRINKLE TAUPE ,CRINKLE TAUPE,26GA-GRD80,A1-B2-C3,7/14/2025,INV-2024-001
CO4326CW,CRINKLE WHITE ,CRINKLE WHITE,26GA-GRD80,A1-B2-C3,7/14/2025,INV-2024-001
CO4326DG,DARK GRAY ,DARK GRAY,26GA-GRD80,A1-B2-C3,7/14/2025,INV-2024-001
CO4326DR,DARK RED ,DARK RED,26GA-GRD80,A1-B2-C3,7/14/2025,INV-2024-001
CO4326EVR,EVERGREEN ,EVERGREEN,26GA-GRD80,A1-B2-C3,7/14/2025,INV-2024-001
CO4326GAB,GALLERY BLUE ,GALLERY BLUE,26GA-GRD80,A1-B2-C3,7/14/2025,INV-2024-001
CO4326GAL,GALVANIZED G90 ,GALVANIZED G90,26GA-GRD80,A1-B2-C3,7/14/2025,INV-2024-001
CO4326GAV,GALVALUME ,GALVALUME,26GA-GRD80,A1-B2-C3,7/14/2025,INV-2024-001
CO4326HB,HAWAIIN BLUE ,HAWAIIN BLUE,26GA-GRD80,A1-B2-C3,7/14/2025,INV-2024-001
CO4326IV,IVORY ,IVORY,26GA-GRD80,A1-B2-C3,7/14/2025,INV-2024-001
CO4326IVG,IVY GREEN ,IVY GREEN,26GA-GRD80,A1-B2-C3,7/14/2025,INV-2024-001
CO4326LS,LIGHT STONE ,LIGHT STONE,26GA-GRD80,A1-B2-C3,7/14/2025,INV-2024-001
CO4326MBB,MATTE BLACK ,MATTE BLACK,26GA-GRD80,A1-B2-C3,7/14/2025,INV-2024-001
CO4326MBS,MATTE BURNISHED SLATE ,MATTE BURNISHED SLATE,26GA-GRD80,A1-B2-C3,7/14/2025,INV-2024-001
CO4326MBW,MATTE BRIGHT WHITE ,MATTE BRIGHT WHITE,26GA-GRD80,A1-B2-C3,7/14/2025,INV-2024-001
CO4326MCB,MATTE COCOA BROWN ,MATTE COCOA BROWN,26GA-GRD80,A1-B2-C3,7/14/2025,INV-2024-001
CO4326MCC,MATTE CHARCOAL ,MATTE CHARCOAL,26GA-GRD80,A1-B2-C3,7/14/2025,INV-2024-001
CO4326MLS,MATTE LIGHT STONE ,MATTE LIGHT STONE,26GA-GRD80,A1-B2-C3,7/14/2025,INV-2024-001
CO4326MTT,MATTE TAUPE ,MATTE TAUPE,26GA-GRD80,A1-B2-C3,7/14/2025,INV-2024-001
CO4326OB,OCEAN BLUE ,OCEAN BLUE,26GA-GRD80,A1-B2-C3,7/14/2025,INV-2024-001
CO4326OTG,OLD TOWN GRAY ,OLD TOWN GRAY,26GA-GRD80,A1-B2-C3,7/14/2025,INV-2024-001
CO4326PG,PEWTER GRAY ,PEWTER GRAY,26GA-GRD80,A1-B2-C3,7/14/2025,INV-2024-001
CO4326QQ,QUOTE ,QUOTE,26GA-GRD80,A1-B2-C3,7/14/2025,INV-2024-001
CO4326RR,RURAL RED ,RURAL RED,26GA-GRD80,A1-B2-C3,7/14/2025,INV-2024-001
CO4326RTC,REAL TREE CAMO ,REAL TREE CAMO,26GA-GRD80,A1-B2-C3,7/14/2025,INV-2024-001
CO4326ST,SADDLE TAN ,SADDLE TAN,26GA-GRD80,A1-B2-C3,7/14/2025,INV-2024-001
CO4326T,TAUPE ,TAUPE,26GA-GRD80,A1-B2-C3,7/14/2025,INV-2024-001
CO4326TAN,TAN ,TAN,26GA-GRD80,A1-B2-C3,7/14/2025,INV-2024-001
CO4326TBK,TEXTURED BLACK ,TEXTURED BLACK,26GA-GRD80,A1-B2-C3,7/14/2025,INV-2024-001
CO4329AG,ASH GRAY ,ASH GRAY,29GA-GRD80,A1-B2-C3,7/14/2025,INV-2024-001
CO4329ARW,ARCTIC WHITE ,ARCTIC WHITE,29GA-GRD80,A1-B2-C3,7/14/2025,INV-2024-001
CO4329AW,ALAMO WHITE ,ALAMO WHITE,29GA-GRD80,A1-B2-C3,7/14/2025,INV-2024-001
CO4329B,BROWN ,BROWN,29GA-GRD80,A1-B2-C3,7/14/2025,INV-2024-001
CO4329BER,BERRY ,BERRY,29GA-GRD80,A1-B2-C3,7/14/2025,INV-2024-001
CO4329BK,BLACK ,BLACK,29GA-GRD80,A1-B2-C3,7/14/2025,INV-2024-001
CO4329BR,BRICK RED ,BRICK RED,29GA-GRD80,A1-B2-C3,7/14/2025,INV-2024-001
CO4329BS,BURNISHED SLATE ,BURNISHED SLATE,29GA-GRD80,A1-B2-C3,7/14/2025,INV-2024-001
CO4329BUR,BURGUNDY ,BURGUNDY,29GA-GRD80,A1-B2-C3,7/14/2025,INV-2024-001
CO4329BW,BONE WHITE ,BONE WHITE,29GA-GRD80,A1-B2-C3,7/14/2025,INV-2024-001
CO4329CAG,CRINKLE ASH GRAY ,CRINKLE ASH GRAY,29GA-GRD80,A1-B2-C3,7/14/2025,INV-2024-001
CO4329CB,CRINKLE BROWN ,CRINKLE BROWN,29GA-GRD80,A1-B2-C3,7/14/2025,INV-2024-001
CO4329CBK,CRINKLE BLACK ,CRINKLE BLACK,29GA-GRD80,A1-B2-C3,7/14/2025,INV-2024-001
CO4329CBS,CRINKLE BURNISHED SLATE ,CRINKLE BURNISHED SLATE,29GA-GRD80,A1-B2-C3,7/14/2025,INV-2024-001
CO4329CC,CRINKLE CHARCOAL ,CRINKLE CHARCOAL,29GA-GRD80,A1-B2-C3,7/14/2025,INV-2024-001
CO4329CG,CHARCOAL GRAY ,CHARCOAL GRAY,29GA-GRD80,A1-B2-C3,7/14/2025,INV-2024-001
CO4329CH,CHARCOAL ,CHARCOAL,29GA-GRD80,A1-B2-C3,7/14/2025,INV-2024-001
CO4329CM,COPPER METALLIC ,COPPER METALLIC,29GA-GRD80,A1-B2-C3,7/14/2025,INV-2024-001
CO4329CRB,CRINKLE BURGUNDY ,CRINKLE BURGUNDY,29GA-GRD80,A1-B2-C3,7/14/2025,INV-2024-001
CO4329CRG,CRINKLE GREEN ,CRINKLE GREEN,29GA-GRD80,A1-B2-C3,7/14/2025,INV-2024-001
CO4329CRR,CRINKLE RED ,CRINKLE RED,29GA-GRD80,A1-B2-C3,7/14/2025,INV-2024-001
CO4329CT,CRINKLE TAUPE ,CRINKLE TAUPE,29GA-GRD80,A1-B2-C3,7/14/2025,INV-2024-001
CO4329CW,CRINKLE WHITE ,CRINKLE WHITE,29GA-GRD80,A1-B2-C3,7/14/2025,INV-2024-001
CO4329DG,DARK GRAY ,DARK GRAY,29GA-GRD80,A1-B2-C3,7/14/2025,INV-2024-001
CO4329DR,DARK RED ,DARK RED,29GA-GRD80,A1-B2-C3,7/14/2025,INV-2024-001
CO4329EVR,EVERGREEN ,EVERGREEN,29GA-GRD80,A1-B2-C3,7/14/2025,INV-2024-001
CO4329GAB,GALLERY BLUE ,GALLERY BLUE,29GA-GRD80,A1-B2-C3,7/14/2025,INV-2024-001
CO4329GAL,GALVANIZED G90 ,GALVANIZED G90,29GA-GRD80,A1-B2-C3,7/14/2025,INV-2024-001
CO4329GAV,GALVALUME ,GALVALUME,29GA-GRD80,A1-B2-C3,7/14/2025,INV-2024-001
CO4329HB,HAWAIIN BLUE ,HAWAIIN BLUE,29GA-GRD80,A1-B2-C3,7/14/2025,INV-2024-001
CO4329IV,IVORY ,IVORY,29GA-GRD80,A1-B2-C3,7/14/2025,INV-2024-001
CO4329IVG,IVY GREEN ,IVY GREEN,29GA-GRD80,A1-B2-C3,7/14/2025,INV-2024-001
CO4329LS,LIGHT STONE ,LIGHT STONE,29GA-GRD80,A1-B2-C3,7/14/2025,INV-2024-001
CO4329MBB,MATTE BLACK ,MATTE BLACK,29GA-GRD80,A1-B2-C3,7/14/2025,INV-2024-001
CO4329MBS,MATTE BURNISHED SLATE ,MATTE BURNISHED SLATE,29GA-GRD80,A1-B2-C3,7/14/2025,INV-2024-001
CO4329MBW,MATTE BRIGHT WHITE ,MATTE BRIGHT WHITE,29GA-GRD80,A1-B2-C3,7/14/2025,INV-2024-001
CO4329MCB,MATTE COCOA BROWN ,MATTE COCOA BROWN,29GA-GRD80,A1-B2-C3,7/14/2025,INV-2024-001
CO4329MCC,MATTE CHARCOAL ,MATTE CHARCOAL,29GA-GRD80,A1-B2-C3,7/14/2025,INV-2024-001
CO4329MLS,MATTE LIGHT STONE ,MATTE LIGHT STONE,29GA-GRD80,A1-B2-C3,7/14/2025,INV-2024-001
CO4329MTT,MATTE TAUPE ,MATTE TAUPE,29GA-GRD80,A1-B2-C3,7/14/2025,INV-2024-001
CO4329OB,OCEAN BLUE ,OCEAN BLUE,29GA-GRD80,A1-B2-C3,7/14/2025,INV-2024-001
CO4329OTG,OLD TOWN GRAY ,OLD TOWN GRAY,29GA-GRD80,A1-B2-C3,7/14/2025,INV-2024-001
CO4329PG,PEWTER GRAY ,PEWTER GRAY,29GA-GRD80,A1-B2-C3,7/14/2025,INV-2024-001
CO4329QQ,QUOTE ,QUOTE,29GA-GRD80,A1-B2-C3,7/14/2025,INV-2024-001
CO4329RR,RURAL RED ,RURAL RED,29GA-GRD80,A1-B2-C3,7/14/2025,INV-2024-001
CO4329RTC,REAL TREE CAMO ,REAL TREE CAMO,29GA-GRD80,A1-B2-C3,7/14/2025,INV-2024-001
CO4329ST,SADDLE TAN ,SADDLE TAN,29GA-GRD80,A1-B2-C3,7/14/2025,INV-2024-001
CO4329T,TAUPE ,TAUPE,29GA-GRD80,A1-B2-C3,7/14/2025,INV-2024-001
CO4329TAN,TAN ,TAN,29GA-GRD80,A1-B2-C3,7/14/2025,INV-2024-001
CO4329TBK,TEXTURED BLACK ,TEXTURED BLACK,29GA-GRD80,A1-B2-C3,7/14/2025,INV-2024-001
1015AG,"#10 Screws - 1.5"" ",ASH GRAY,"#10 SCREWS - 1.5"" ",A1-B2-C3,7/14/2025,INV-2024-001
1015ARW,"#10 Screws - 1.5"" ",ARCTIC WHITE,"#10 SCREWS - 1.5"" ",A1-B2-C3,7/14/2025,INV-2024-001
1015AW,"#10 Screws - 1.5"" ",ALAMO WHITE,"#10 SCREWS - 1.5"" ",A1-B2-C3,7/14/2025,INV-2024-001
1015B,"#10 Screws - 1.5"" ",BLACK,"#10 SCREWS - 1.5"" ",A1-B2-C3,7/14/2025,INV-2024-001
1015BER,"#10 Screws - 1.5"" ",BERRY,"#10 SCREWS - 1.5"" ",A1-B2-C3,7/14/2025,INV-2024-001
1015BS,"#10 Screws - 1.5"" ",BURNISHED SLATE,"#10 SCREWS - 1.5"" ",A1-B2-C3,7/14/2025,INV-2024-001
1015BUC,"#10 Screws - 1.5"" ",BUCKSKIN,"#10 SCREWS - 1.5"" ",A1-B2-C3,7/14/2025,INV-2024-001
1015BUR,"#10 Screws - 1.5"" ",BURGUNDY,"#10 SCREWS - 1.5"" ",A1-B2-C3,7/14/2025,INV-2024-001
1015BW,"#10 Screws - 1.5"" ",BRITE WHITE,"#10 SCREWS - 1.5"" ",A1-B2-C3,7/14/2025,INV-2024-001
1015CB,"#10 Screws - 1.5"" ",CHARCOAL BLUE,"#10 SCREWS - 1.5"" ",A1-B2-C3,7/14/2025,INV-2024-001
1015CG,"#10 Screws - 1.5"" ",CHARCOAL GRAY,"#10 SCREWS - 1.5"" ",A1-B2-C3,7/14/2025,INV-2024-001
1015CR,"#10 Screws - 1.5"" ",CRIMSON RED,"#10 SCREWS - 1.5"" ",A1-B2-C3,7/14/2025,INV-2024-001
1015DB,"#10 Screws - 1.5"" ",DESERT BROWN,"#10 SCREWS - 1.5"" ",A1-B2-C3,7/14/2025,INV-2024-001
1015DR,"#10 Screws - 1.5"" ",DARK RED,"#10 SCREWS - 1.5"" ",A1-B2-C3,7/14/2025,INV-2024-001
1015EV,"#10 Screws - 1.5"" ",EVERGREEN,"#10 SCREWS - 1.5"" ",A1-B2-C3,7/14/2025,INV-2024-001
1015G,#10 Screws - 1.5 Unpainted,,#10 SCREWS - 1.5 UNPAINTED,A1-B2-C3,7/14/2025,INV-2024-001
1015GB,"#10 Screws - 1.5"" ",GALLERY BLUE,"#10 SCREWS - 1.5"" ",A1-B2-C3,7/14/2025,INV-2024-001
1015HB,"#10 Screws - 1.5"" ",HAWAIIAN BLUE,"#10 SCREWS - 1.5"" ",A1-B2-C3,7/14/2025,INV-2024-001
1015I,"#10 Screws - 1.5"" ",IVORY,"#10 SCREWS - 1.5"" ",A1-B2-C3,7/14/2025,INV-2024-001
1015IG,"#10 Screws - 1.5"" ",IVY GREEN,"#10 SCREWS - 1.5"" ",A1-B2-C3,7/14/2025,INV-2024-001
1015KB,"#10 Screws - 1.5"" ",KOKO BROWN,"#10 SCREWS - 1.5"" ",A1-B2-C3,7/14/2025,INV-2024-001
1015LS,"#10 Screws - 1.5"" ",LIGHT STONE,"#10 SCREWS - 1.5"" ",A1-B2-C3,7/14/2025,INV-2024-001
1015MB,"#10 Screws - 1.5"" ",MATTE BLACK,"#10 SCREWS - 1.5"" ",A1-B2-C3,7/14/2025,INV-2024-001
1015OB,"#10 Screws - 1.5"" ",OCEAN BLUE,"#10 SCREWS - 1.5"" ",A1-B2-C3,7/14/2025,INV-2024-001
1015OG,"#10 Screws - 1.5"" ",OLD TOWN GRAY,"#10 SCREWS - 1.5"" ",A1-B2-C3,7/14/2025,INV-2024-001
1015PG,"#10 Screws - 1.5"" ",PEWTER GRAY,"#10 SCREWS - 1.5"" ",A1-B2-C3,7/14/2025,INV-2024-001
MRSAG,Roof Sealant , ASH GRAY,ROOF SEALANT ,A1-B2-C3,7/14/2025,INV-2024-001
MRSARW,Roof Sealant , ARCTIC WHITE,ROOF SEALANT ,A1-B2-C3,7/14/2025,INV-2024-001
MRSAW,Roof Sealant , ALAMO WHITE,ROOF SEALANT ,A1-B2-C3,7/14/2025,INV-2024-001
MRSB,Roof Sealant , BLACK,ROOF SEALANT ,A1-B2-C3,7/14/2025,INV-2024-001
MRSBER,Roof Sealant , BERRY,ROOF SEALANT ,A1-B2-C3,7/14/2025,INV-2024-001
MRSBS,Roof Sealant , BURNISHED SLATE,ROOF SEALANT ,A1-B2-C3,7/14/2025,INV-2024-001
MRSBUC,Roof Sealant , BUCKSKIN,ROOF SEALANT ,A1-B2-C3,7/14/2025,INV-2024-001
MRSBUR,Roof Sealant , BURGUNDY,ROOF SEALANT ,A1-B2-C3,7/14/2025,INV-2024-001
MRSBW,Roof Sealant , BRITE WHITE,ROOF SEALANT ,A1-B2-C3,7/14/2025,INV-2024-001
MRSCB,Roof Sealant , CHARCOAL BLUE,ROOF SEALANT ,A1-B2-C3,7/14/2025,INV-2024-001
MRSCG,Roof Sealant , CHARCOAL GRAY,ROOF SEALANT ,A1-B2-C3,7/14/2025,INV-2024-001
MRSCR,Roof Sealant , CRIMSON RED,ROOF SEALANT ,A1-B2-C3,7/14/2025,INV-2024-001
MRSDB,Roof Sealant , DESERT BROWN,ROOF SEALANT ,A1-B2-C3,7/14/2025,INV-2024-001
MRSDR,Roof Sealant , DARK RED,ROOF SEALANT ,A1-B2-C3,7/14/2025,INV-2024-001
MRSEV,Roof Sealant , EVERGREEN,ROOF SEALANT ,A1-B2-C3,7/14/2025,INV-2024-001
MRSGB,Roof Sealant , GALLERY BLUE,ROOF SEALANT ,A1-B2-C3,7/14/2025,INV-2024-001
MRSHB,Roof Sealant , HAWAIIAN BLUE,ROOF SEALANT ,A1-B2-C3,7/14/2025,INV-2024-001
MRSI,Roof Sealant , IVORY,ROOF SEALANT ,A1-B2-C3,7/14/2025,INV-2024-001
MRSIG,Roof Sealant , IVY GREEN,ROOF SEALANT ,A1-B2-C3,7/14/2025,INV-2024-001
MRSKB,Roof Sealant , KOKO BROWN,ROOF SEALANT ,A1-B2-C3,7/14/2025,INV-2024-001
MRSLS,Roof Sealant , LIGHT STONE,ROOF SEALANT ,A1-B2-C3,7/14/2025,INV-2024-001
MRSMB,Roof Sealant , MATTE BLACK,ROOF SEALANT ,A1-B2-C3,7/14/2025,INV-2024-001
MRSOB,Roof Sealant , OCEAN BLUE,ROOF SEALANT ,A1-B2-C3,7/14/2025,INV-2024-001
MRSOG,Roof Sealant , OLD TOWN GRAY,ROOF SEALANT ,A1-B2-C3,7/14/2025,INV-2024-001
MRSPG,Roof Sealant , PEWTER GRAY,ROOF SEALANT ,A1-B2-C3,7/14/2025,INV-2024-001
MRSR,Roof Sealant , RURAL RED,ROOF SEALANT ,A1-B2-C3,7/14/2025,INV-2024-001
MRSRR,Roof Sealant , RUSTIC RED,ROOF SEALANT ,A1-B2-C3,7/14/2025,INV-2024-001
MRSST,Roof Sealant , SADDLE TAN,ROOF SEALANT ,A1-B2-C3,7/14/2025,INV-2024-001
MRST,Roof Sealant , TAN,ROOF SEALANT ,A1-B2-C3,7/14/2025,INV-2024-001
MRSTAP,Roof Sealant , TAUPE,ROOF SEALANT ,A1-B2-C3,7/14/2025,INV-2024-001
